{
  "docs": [
    {
      "title": "Book 2",
      "author": "Author 2",
      "company": "Company 2",
      "cate": "Category 2",
      "bookmark": 0,
      "finish": 0,
      "del": 0,
      "total": "285",
      "isbn": "12312314"
    },
    {
      "title": "Book 3",
      "author": "Author 3",
      "company": "Company 3",
      "cate": "Category 3",
      "bookmark": 0,
      "finish": 0,
      "del": 0,
      "createAt": 0
    },
    {
      "title": "Book 3",
      "author": "Author 3",
      "company": "Company 3",
      "cate": "Category 3",
      "bookmark": 0,
      "finish": 0,
      "del": 0,
      "createAt": 0
    },
    {
      "title": "Book 3",
      "author": "Author 3",
      "company": "Company 3",
      "cate": "Category 3",
      "bookmark": 0,
      "finish": 0,
      "del": 0,
      "createAt": 0
    },
    {
      "title": "Book 3",
      "author": "Author 3",
      "company": "Company 3",
      "cate": "Category 3",
      "bookmark": 0,
      "finish": 0,
      "del": 0,
      "createAt": 0
    },
    {
      "title": "Book 3",
      "author": "Author 3",
      "company": "Company 3",
      "cate": "Category 3",
      "bookmark": 0,
      "finish": 0,
      "del": 0,
      "createAt": 0
    },
    {
      "title": "Book 3",
      "author": "Author 3",
      "company": "Company 3",
      "cate": "Category 3",
      "bookmark": 0,
      "finish": 0,
      "del": 0,
      "createAt": 0
    },
    {
      "title": "Book 3",
      "author": "Author 3",
      "company": "Company 3",
      "cate": "Category 3",
      "bookmark": 0,
      "finish": 0,
      "del": 0,
      "createAt": 0
    }
  ]
}
