[
  {
    "id": 1,
    "category": "1번 카테고리",
    "title": "1번 책제목",
    "author": "1번 지은이",
    "company": "1번 출판사",
    "startDay": "2023-06-26",
    "endDay": "2023-06-28",
    "memo": "1번 메모",
    "completed": false
  },
  {
    "id": 2,
    "category": "2번 카테고리",
    "title": "2번 책제목",
    "author": "지은이",
    "company": "출판사",
    "startDay": "2023-06-26",
    "endDay": "2023-06-28",
    "memo": "메모",
    "completed": false
  },
  {
    "id": 3,
    "category": "3번 카테고리",
    "title": "3번 책제목",
    "author": "지은이",
    "company": "출판사",
    "startDay": "2023-06-26",
    "endDay": "2023-06-28",
    "memo": "메모",
    "completed": false
  },
  {
    "id": 4,
    "category": "4번 카테고리",
    "title": "4번 책제목",
    "author": "지은이",
    "company": "출판사",
    "startDay": "2023-06-26",
    "endDay": "2023-06-28",
    "memo": "메모",
    "completed": false
  },
  {
    "id": 5,
    "category": "5번 카테고리",
    "title": "5번 책제목",
    "author": "지은이",
    "company": "출판사",
    "startDay": "2023-06-26",
    "endDay": "2023-06-28",
    "memo": "메모",
    "completed": false
  },
  {
    "id": 6,
    "category": "6번 카테고리",
    "title": "6번 책제목",
    "author": "지은이",
    "company": "출판사",
    "startDay": "2023-06-26",
    "endDay": "2023-06-28",
    "memo": "메모",
    "completed": false
  },
  {
    "id": 7,
    "category": "7번 카테고리",
    "title": "7번 책제목",
    "author": "지은이",
    "company": "출판사",
    "startDay": "2023-06-26",
    "endDay": "2023-06-28",
    "memo": "메모",
    "completed": false
  },
  {
    "id": 8,
    "category": "8번 카테고리",
    "title": "8번 책제목",
    "author": "지은이",
    "company": "출판사",
    "startDay": "2023-06-26",
    "endDay": "2023-06-28",
    "memo": "메모",
    "completed": false
  },
  {
    "id": 9,
    "category": "9번 카테고리",
    "title": "9번 책제목",
    "author": "지은이",
    "company": "출판사",
    "startDay": "2023-06-26",
    "endDay": "2023-06-28",
    "memo": "메모",
    "completed": false
  },
  {
    "id": 10,
    "category": "10번 카테고리",
    "title": "10번 책제목",
    "author": "지은이",
    "company": "출판사",
    "startDay": "2023-06-26",
    "endDay": "2023-06-28",
    "memo": "메모",
    "completed": false
  },
  {
    "id": 11,
    "category": "11번 카테고리",
    "title": "11번 책제목",
    "author": "지은이",
    "company": "출판사",
    "startDay": "2023-06-26",
    "endDay": "2023-06-28",
    "memo": "메모",
    "completed": false
  },
  {
    "id": 12,
    "category": "12번 카테고리",
    "title": "12번 책제목",
    "author": "지은이",
    "company": "출판사",
    "startDay": "2023-06-26",
    "endDay": "2023-06-28",
    "memo": "메모",
    "completed": false
  },
  {
    "id": 13,
    "category": "13번 카테고리",
    "title": "13번 책제목",
    "author": "지은이",
    "company": "출판사",
    "startDay": "2023-06-26",
    "endDay": "2023-06-28",
    "memo": "메모",
    "completed": false
  },
  {
    "id": 14,
    "category": "14번 카테고리",
    "title": "14번 책제목",
    "author": "지은이",
    "company": "출판사",
    "startDay": "2023-06-26",
    "endDay": "2023-06-28",
    "memo": "메모",
    "completed": false
  },
  {
    "id": 15,
    "category": "15번 카테고리",
    "title": "15번 책제목",
    "author": "지은이",
    "company": "출판사",
    "startDay": "2023-06-26",
    "endDay": "2023-06-28",
    "memo": "메모",
    "completed": false
  }
]
